{
  "bot-name": "LUCKY-MD-XFORCE MULT DEVICE",
  "description": "Lucky Whatsapp device bot made by FrediEzra to help Whatsapp users to enjoy while helping...",
  "logo": "https://files.catbox.moe/uw4l17.jpeg",
  "keywords": ["Fredi-Ezra", "Lucky-Md", "mdtech"],
  "documentation-link": "https://lucky-xforce-session-site.onrender.com",
  "owner-verification":"frediezra001@gmail.com",
  "env": {
    "PREFIX":
    {
      "description":"choose your prefix for your bot",
      "value":".",
      "required":true
    },
    "AUTO_READ_STATUS": {
      "description": "Your contact status will be read automatically (type 'yes' to activate or 'no' to deactivate; don't write in capital letters)",
      "value": "yes",
      "required": false
    },
      "AUDIO_REPLY":
    {
      "description":"Enter yes for your bot to auto reply audio in all chats",
      "value":"yes",
      "required":false
    },
    "AUTO_REPLY": {
      "description": "when enabled it automatically sends  auto reply message to members in your pm",
      "value": "no",
      "required": false
    },
    "AUTO_REACT_STATUS": {
      "description": "Your contact status will be react automatically (type 'yes' to activate or 'no' to deactivate; don't write in capital letters)",
      "value": "yes",
      "required": false
    },
    "AUTO_BIO": {
      "description": "This automatically update your bio status.Always make sure you insert your OWNER_NAME since it uses that to update your bio name status",
      "value": "yes",
      "required": false
    },
      "AUTO_SAVE_CONTACTS":
    {
      "description":"Enter yes for your bot to auto save contacts",
      "value":"no",
      "required":false
    },
    "AUTO_DOWNLOAD_STATUS": {
      "description": "Your contact status will be downloaded automatically and sent to you (type 'yes' to activate or 'no' to deactivate; don't write in capital letters)",
      "value": "no",
      "required": false
    },
    "PM_PERMIT": {
      "description": "Restrict other users from using your bot in private messages (type 'yes' to activate or 'no' to deactivate; don't write in capital letters)",
      "value": "yes",
      "required": false
    },
    "AUTO_STATUS_TEXT": {
      "description": "type your genuine status message",
      "value": "viewed ✅✅",
      "required": false
    },
    "AUTO_STATUS_REPLY": {
      "description": "type your genuine status message",
      "value": "no",
      "required": false
    },
    "ANTI_CALL_TEXT": {
      "description": "Type your anticall message to always send when calls are declined.You can as well leave it blank",
      "value": "My owner don't receive any call now because it's busy",
      "required": false
    },
    "BOT_NAME": {
      "description": "you must give a name for you bot uhh??!!",
      "value": "⁠LUCKY-MD-XFORCE",
      "required": false 
    },
    "PUBLIC_MODE": {
      "description": "Set 'yes' to make your bot public or 'no' to keep it private",
      "value": "yes",
      "required": false
    },
    "HEROKU_API_KEY": {
      "description": "Insert your Heroku API key (required)",
      "value": "",
      "required": true
    },
    "HEROKU_APP_NAME": {
      "description": "Insert your Heroku app name (required)",
      "value": "",
      "required": true
    },
    "SESSION_ID": {
      "description": "Enter your session ID, the code you receive after scanning the QR code",
      "value": "",
      "required": true
    },
    "OWNER_NAME": {
      "description": "don't you have a name bro.Insert your name here!!",
      "value": "FrediEzra",
      "required": false
    },
    "URL": {
      "description": "you must add your bot image url.Get your image url now and fill it here",
      "value": "https://files.catbox.moe/uw4l17.jpeg",
      "required": true
    },
    "AUTO_READ_MESSAGES": {
      "description": "yes toactivate no to deactivate",
      "value": "no",
      "required": false  
    },
    "NUMERO_OWNER": {
      "description": "Your phone number (exclude '+' and area code, e.g., '255752593977')",
      "value": "255752593977",
      "required": false
    },
    "WARN_COUNT": {
      "description": "Set the warning limit for warning commands",
      "value": "5",
      "required": false
    },
    "STARTING_BOT_MESSAGE": {
      "description": "Set 'yes' to display a starting bot message or 'no' to disable it",
      "value": "no",
      "required": true
    },
    "PRESENCE": {
      "description": "Mark your presence: 1 for online, 2 for typing, 3 for recording, or leave blank for real state",
      "value": "1",
      "required": false
    },
    "ANTI_DELETE_MESSAGE": {
      "description": "Enable anti-delete message (set 'yes' to activate or 'no' to deactivate)",
      "value": "no",
      "required": false
    },
    "ANTI_CALL": {
      "description": "Automatically decline incoming calls (set 'on' to activate or 'off' to deactivate)",
      "value": "yes",
      "required": false
    },
    "AUTO_BLOCK": {
      "description": "Type true if you want bot to automatically  block those who spam your dm ",
      "value": "no",
      "required": false
    },
    "AUTO_REACTION": {
      "description": "Set 'yes' to enable bot reactions to messages in private chats",
      "value": "no",
      "required": false
    }
  }
},
